,mean,std,min,max,median
red,0.1022051,0.08868665,0.0,1.0,0.08627451
green,0.24627654,0.15450338,0.0,1.0,0.27450982
blue,0.44115734,0.27741683,0.0,1.0,0.5176471
